,precision,recall,f1-score,support
ABC,0.9956140350877193,1.0,0.9978021978021978,227.0
ABCG,1.0,1.0,1.0,226.0
ABG,1.0,1.0,1.0,201.0
AG,1.0,1.0,1.0,473.0
BC,0.9861751152073732,0.9771689497716894,0.981651376146789,219.0
Normal,0.9780701754385965,0.9823788546255506,0.9802197802197802,227.0
accuracy,0.9942784488239034,0.9942784488239034,0.9942784488239034,0.9942784488239034
macro avg,0.9933098876222816,0.99325796739954,0.9932788923614612,1573.0
weighted avg,0.9942776007755171,0.9942784488239034,0.9942737701126102,1573.0
