,precision,recall,f1-score,support
ABC,1.0,1.0,1.0,227.0
ABCG,1.0,1.0,1.0,226.0
ABG,1.0,1.0,1.0,201.0
AG,1.0,0.9978858350951374,0.9989417989417989,473.0
BC,0.9954128440366973,0.9908675799086758,0.9931350114416476,219.0
Normal,0.9868995633187773,0.9955947136563876,0.9912280701754386,227.0
accuracy,0.9974570883661793,0.9974570883661793,0.9974570883661793,0.9974570883661793
macro avg,0.9970520678925792,0.9973913547767,0.9972174800931475,1573.0
weighted avg,0.9974708288095355,0.9974570883661793,0.9974601464303982,1573.0
