Model,CV Mean,CV Std,Test Accuracy,Training Time (s)
LightGBM,0.9965011199603365,0.0006368798080698066,0.9974570883661793,1.9829990863800049
XGBoost,0.9944337149166573,0.0014233984249078686,0.996185632549269,0.8388428688049316
Gradient Boosting,0.9925260512513073,0.0018523257089149729,0.9904640813731723,34.28433895111084
CatBoost,0.9867993924009649,0.0036508496179813664,0.989192625556262,0.4460759162902832
Neural Network,0.7662214650421867,0.027924561492353436,0.8239033693579149,0.41876697540283203
AdaBoost,0.7428442059917562,0.0055142831808082755,0.7399872854418309,1.349329948425293
