{
    "timestamp": "20251123_183905",
    "dataset_shape": {
        "rows": 7861,
        "columns": 11
    },
    "current_features": [
        "Ia",
        "Ib",
        "Ic"
    ],
    "voltage_features": [
        "Va",
        "Vb",
        "Vc"
    ],
    "current_ranges": {
        "Ia": {
            "min": -883.5423165,
            "max": 885.7385707,
            "mean": 13.721194281926095,
            "std": 464.74167085071764
        },
        "Ib": {
            "min": -900.5269515,
            "max": 889.8688838,
            "mean": -44.8452684591903,
            "std": 439.26919548763243
        },
        "Ic": {
            "min": -883.3577621,
            "max": 901.2742607,
            "mean": 34.39239433560742,
            "std": 371.10741227146997
        }
    },
    "voltage_ranges": {
        "Va": {
            "min": -0.62074797,
            "max": 0.595342181,
            "mean": -0.007667090023533899,
            "std": 0.2891501908237627
        },
        "Vb": {
            "min": -0.608016002,
            "max": 0.627874757,
            "mean": 0.00115210285459865,
            "std": 0.3134370487966376
        },
        "Vc": {
            "min": -0.612709171,
            "max": 0.600178804,
            "mean": 0.0065149871695713004,
            "std": 0.3078971302786378
        }
    },
    "class_balance": {
        "normal_samples": 2365,
        "fault_samples": 5496,
        "imbalance_ratio": 2.323890063424947
    }
}